TIME,RT_ROPA_T,RT_RPMS_T,RT_DEPTH_HOLE_T,RT_DEPTH_BIT_T,RT_APRES_T,RT_ECD_T,RT_MTOA_T,RT_MTIA_T,RT_MDOA_T,RT_MDIA_T,RT_MFOA_T,RT_MFIA_T,ASMECD1-T,ASMPAM3-T,ASMDEP3-T,ASMPAM2-T,ASMDEP2-T,ASMPAM1-T,ASMDEP1-T,RT_PIT_GAIN_LOSS_T,ASMECD2-T
"yyyy-MM-dd""T""HH:mm:ss.fffzzz",m/h,RPM,m,m,bar,g/cm3,degC,degC,kg/m3,kg/m3,L/min,L/min,g/cm3,bar,m,bar,m,bar,m,m3,g/cm3
2020-02-19T08:58:00.000+01:00,,,,,210.573,1.583,,,,,,,,,,,,,,,
2020-02-19T08:58:00.090+01:00,,,,,,,,,1527.841,,,,,,,,,,,,
2020-02-19T08:58:00.334+01:00,,,,,,,,,,,,,1.565,,,184.74,1187.64,202.57,1319.06,,1.585
2020-02-19T08:58:00.335+01:00,,,,,,,,,,,,,,-99.99,1.32,,,,,,
2020-02-19T08:58:01.109+01:00,0,,,,,,4.44,10,,1563.6,,,,,,,,,,,
2020-02-19T08:58:01.366+01:00,,99.673,,,,,,,,,3734.394,3457.542,,,,,,,,,
2020-02-19T08:58:02.225+01:00,,,,,,,,,,,,,1.565,-99.99,1.18,184.77,1187.5,202.57,1319.04,,1.585
2020-02-19T08:58:02.538+01:00,,,,,,,,,,,,,,,,,,,,-2.104,
2020-02-19T08:58:03.353+01:00,,99.735,,,,,,,,,3416.58,3461.664,,,,,,,,,
2020-02-19T08:58:04.117+01:00,,,1380.289,1375.365,,,,,,,,,,,,,,,,,
2020-02-19T08:58:04.234+01:00,,,,,,,,,,,,,1.563,,,184.77,1187.18,202.32,1318.74,,1.586
2020-02-19T08:58:04.261+01:00,,,,,,,,,,,,,,-99.99,0.86,,,,,,
2020-02-19T08:58:05.085+01:00,,,,,,,,,1527.841,,,,,,,,,,,,
2020-02-19T08:58:05.250+01:00,,,,,,,,,,,,,1.563,,,184.77,1187.1,202.32,1318.49,,1.586
2020-02-19T08:58:05.254+01:00,,,,,,,,,,,,,,-99.99,0.78,,,,,,
2020-02-19T08:58:05.339+01:00,,99.679,,,,,,,,,3557.466,3471.912,,,,,,,,,
2020-02-19T08:58:06.103+01:00,0,,,,,,4.44,10,,1563.714,,,,,,,,,,,
2020-02-19T08:58:07.260+01:00,,,,,,,,,,,,,1.563,,,184.77,1187.21,202.32,1318.5,,1.586
2020-02-19T08:58:07.261+01:00,,,,,,,,,,,,,,-99.99,0.89,,,,,,
2020-02-19T08:58:07.327+01:00,,99.808,,,,,,,,,4186.98,3469.542,,,,,,,,,
2020-02-19T08:58:07.836+01:00,,,1380.289,1375.483,,,,,,,,,,,,,,,,,
2020-02-19T08:58:08.267+01:00,,,,,,,,,,,,,1.563,,,,,202.32,1318.77,,
2020-02-19T08:58:08.270+01:00,,,,,,,,,,,,,,-99.99,1.21,184.77,1187.53,,,,1.585
2020-02-19T08:58:09.313+01:00,,99.689,,,,,,,,,4172.364,3470.844,,,,,,,,,
2020-02-19T08:58:10.079+01:00,,,,,,,,,1526.217,,,,,,,,,,,,
2020-02-19T08:58:10.280+01:00,,,,,,,,,,,,,1.563,-99.99,1.3,184.77,1187.62,202.32,1318.93,,1.585
2020-02-19T08:58:11.099+01:00,0,,,,,,4.44,10,,1563.702,,,,,,,,,,,
2020-02-19T08:58:11.303+01:00,,99.824,,,,,,,,,4235.256,3465.93,,,,,,,,,
2020-02-19T08:58:12.296+01:00,,,,,,,,,,,,,1.565,,,,,202.57,1319.01,,
2020-02-19T08:58:12.304+01:00,,,,,,,,,,,,,,-99.99,1.2,185.04,1187.52,,,,1.587
2020-02-19T08:58:12.832+01:00,,,1380.289,1375.672,,,,,,,,,,,,,,,,,
2020-02-19T08:58:13.290+01:00,,99.745,,,,,,,,,4312.578,3473.34,1.565,,,185.04,1187.33,202.57,1318.8,,1.588
2020-02-19T08:58:13.294+01:00,,,,,,,,,,,,,,-99.99,1.01,,,,,,
2020-02-19T08:58:14.000+01:00,,,,,210.793,1.584,,,,,,,,,,,,,,,
2020-02-19T08:58:14.300+01:00,,,,,,,,,,,,,1.563,,,185.04,1187.36,202.32,1318.73,,1.588
2020-02-19T08:58:14.301+01:00,,,,,,,,,,,,,,-99.99,1.04,,,,,,
2020-02-19T08:58:15.073+01:00,,,,,,,,,1527.841,,,,,,,,,,,,
2020-02-19T08:58:15.277+01:00,,99.789,,,,,,,,,3796.914,3461.358,,,,,,,,,
2020-02-19T08:58:15.481+01:00,,,1380.289,1375.794,,,,,,,,,,,,,,,,,
2020-02-19T08:58:16.142+01:00,0,,,,,,4.44,10,,1563.6,,,,,,,,,,,
2020-02-19T08:58:16.304+01:00,,,,,,,,,,,,,1.563,,,,,202.32,1318.76,,
2020-02-19T08:58:16.306+01:00,,,,,,,,,,,,,,-99.99,1.19,184.5,1187.51,,,,1.583
2020-02-19T08:58:17.265+01:00,,99.673,,,,,,,,,2946.498,3472.302,,,,,,,,,
2020-02-19T08:58:17.316+01:00,,,,,,,,,,,,,1.562,-99.99,1.71,184.95,1188.03,202.32,1319.15,,1.586
2020-02-19T08:58:19.273+01:00,,99.736,,,,,,,,,4059.15,3466.608,,,,,,,,,
2020-02-19T08:58:19.320+01:00,,,,,,,,,,,,,1.558,,,184.95,1188.22,202.32,1322.52,,1.586
2020-02-19T08:58:19.322+01:00,,,,,,,,,,,,,,-99.99,1.9,,,,,,
2020-02-19T08:58:20.086+01:00,,,,,,,,,1530.277,,,,,,,,,,,,
2020-02-19T08:58:20.334+01:00,,,,,,,,,,,,,1.558,,,,,202.32,1322.81,,
2020-02-19T08:58:20.335+01:00,,,,,,,,,,,,,,-99.99,1.97,184.53,1188.29,,,,1.582
2020-02-19T08:58:20.494+01:00,,,1380.289,1375.927,,,,,,,,,,,,,,,,,
2020-02-19T08:58:21.158+01:00,0,,,,,,4.44,10,,1564.939,,,,,,,,,,,
2020-02-19T08:58:21.260+01:00,,99.745,,,,,,,,,4031.868,3462.648,,,,,,,,,
2020-02-19T08:58:22.221+01:00,,,,,,,,,,,,,1.558,-99.99,1.84,184.53,1188.16,202.32,1322.78,,1.582
2020-02-19T08:58:23.234+01:00,,,,,,,,,,,,,1.559,-99.99,1.45,184.89,1187.77,202.32,1322.46,,1.586
2020-02-19T08:58:23.247+01:00,,99.776,,,,,,,,,3870.012,3474.822,,,,,,,,,
2020-02-19T08:58:24.980+01:00,,,1380.289,1376.1,,,,,,,,,,,,,,,,,
2020-02-19T08:58:25.082+01:00,,,,,,,,,1527.841,,,,,,,,,,,,
2020-02-19T08:58:25.234+01:00,,99.918,,,,,,,,,4301.25,3467.58,,,,,,,,,
2020-02-19T08:58:25.244+01:00,,,,,,,,,,,,,1.561,,,,,202.57,1322.26,,
2020-02-19T08:58:25.247+01:00,,,,,,,,,,,,,,,,184.89,1187.64,,,,1.586
2020-02-19T08:58:25.248+01:00,,,,,,,,,,,,,,-99.99,1.32,,,,,,
2020-02-19T08:58:26.000+01:00,,,,,210.793,1.583,,,,,,,,,,,,,,,
2020-02-19T08:58:26.151+01:00,0,,,,,,4.44,10,,1564.914,,,,,,,,,,,
2020-02-19T08:58:27.221+01:00,,105.285,,,,,,,,,3886.2,3475.104,,,,,,,,,
2020-02-19T08:58:27.257+01:00,,,,,,,,,,,,,1.559,,,184.71,1187.65,202.32,1322.08,,1.584
2020-02-19T08:58:27.261+01:00,,,,,,,,,,,,,,-99.99,1.33,,,,,,
2020-02-19T08:58:29.209+01:00,,110.849,,,,,,,,,4137.546,3464.052,,,,,,,,,
2020-02-19T08:58:29.274+01:00,,,,,,,,,,,,,1.559,-99.99,1.65,184.62,1187.97,202.32,1322.25,,1.583
2020-02-19T08:58:29.974+01:00,,,1380.289,1376.324,,,,,,,,,,,,,,,,,
2020-02-19T08:58:30.073+01:00,,,,,,,,,1528.653,,,,,,,,,,,,
2020-02-19T08:58:30.284+01:00,,,,,,,,,,,,,1.56,-99.99,2.27,184.62,1188.59,202.57,1322.76,,1.582
2020-02-19T08:58:31.146+01:00,0,,,,,,4.44,10,,1563.945,,,,,,,,,,,
2020-02-19T08:58:31.197+01:00,,113.844,,,,,,,,,3204.132,3470.682,,,,,,,,,
2020-02-19T08:58:32.289+01:00,,,,,,,,,,,,,1.558,,,184.71,1188.89,202.32,1323.08,,1.583
2020-02-19T08:58:32.294+01:00,,,,,,,,,,,,,,-99.99,2.57,,,,,,
2020-02-19T08:58:32.369+01:00,,,1380.289,1376.408,,,,,,,,,,,,,,,,,
2020-02-19T08:58:32.521+01:00,,,,,,,,,,,,,,,,,,,,-2.164,
2020-02-19T08:58:33.185+01:00,,116.595,,,,,,,,,2447.232,3464.946,,,,,,,,,
2020-02-19T08:58:33.303+01:00,,,,,,,,,,,,,1.561,,,,,202.82,1323.49,,
2020-02-19T08:58:33.304+01:00,,,,,,,,,,,,,,-99.99,2.62,184.71,1188.94,,,,1.583
2020-02-19T08:58:35.069+01:00,,,,,,,,,1527.841,,,,,,,,,,,,
2020-02-19T08:58:35.169+01:00,,118.31,,,,,,,,,3253.188,3469.212,,,,,,,,,
2020-02-19T08:58:35.317+01:00,,,,,,,,,,,,,1.561,,,184.74,1188.71,202.82,1323.43,,1.583
2020-02-19T08:58:35.319+01:00,,,,,,,,,,,,,,-99.99,2.39,,,,,,
2020-02-19T08:58:36.136+01:00,0,,,,,,4.44,10,,1563.932,,,,,,,,,,,
2020-02-19T08:58:36.327+01:00,,,,,,,,,,,,,1.56,,,,,202.57,1322.85,,
2020-02-19T08:58:36.329+01:00,,,,,,,,,,,,,,-99.99,1.77,184.8,1188.09,,,,1.585
2020-02-19T08:58:37.155+01:00,,120.423,,,,,,,,,5159.202,3471.414,,,,,,,,,
2020-02-19T08:58:37.411+01:00,,,1380.289,1376.526,,,,,,,,,,,,,,,,,
2020-02-19T08:58:38.336+01:00,,,,,,,,,,,,,1.56,,,184.8,1187.91,202.57,1322.58,,1.585
2020-02-19T08:58:38.343+01:00,,,,,,,,,,,,,,-99.99,1.59,,,,,,
2020-02-19T08:58:39.142+01:00,,120.396,,,,,,,,,4773.702,3467.658,,,,,,,,,
2020-02-19T08:58:40.000+01:00,,,,,211.235,1.586,,,,,,,,,,,,,,,
2020-02-19T08:58:40.109+01:00,,,,,,,,,1528.653,,,,,,,,,,,,
2020-02-19T08:58:40.346+01:00,,,,,,,,,,,,,1.561,-99.99,1.68,184.53,1188,202.57,1322.38,,1.582
2020-02-19T08:58:41.130+01:00,0,120.446,,,,,4.437,10,,1562.514,4145.94,3499.152,,,,,,,,,
2020-02-19T08:58:42.234+01:00,,,,,,,,,,,,,1.558,,,,,202.32,1322.67,,
2020-02-19T08:58:42.244+01:00,,,,,,,,,,,,,,-99.99,2.05,184.86,1188.37,,,,1.585
2020-02-19T08:58:42.403+01:00,,,1380.289,1376.575,,,,,,,,,,,,,,,,,
2020-02-19T08:58:43.117+01:00,,120.441,,,,,,,,,3281.466,3502.212,,,,,,,,,
2020-02-19T08:58:43.248+01:00,,,,,,,,,,,,,1.558,,,,,202.32,1323.08,,
2020-02-19T08:58:43.250+01:00,,,,,,,,,,,,,,-99.99,2.51,185.22,1188.83,,,,1.587
2020-02-19T08:58:45.103+01:00,,120.448,,,,,,,1527.841,,2919.798,3512.694,,,,,,,,,
2020-02-19T08:58:45.254+01:00,,,,,,,,,,,,,1.561,,,,,202.82,1323.32,,
2020-02-19T08:58:45.255+01:00,,,,,,,,,,,,,,-99.99,2.8,184.47,1189.12,,,,1.58
2020-02-19T08:58:46.123+01:00,0,,,,,,4.44,10,,1561.519,,,,,,,,,,,
2020-02-19T08:58:46.265+01:00,,,,,,,,,,,,,1.559,,,184.61,1189.52,202.57,1323.84,,1.581
2020-02-19T08:58:46.279+01:00,,,,,,,,,,,,,,-99.99,3.2,,,,,,
2020-02-19T08:58:47.093+01:00,,120.378,,,,,,,,,3452.658,3584.202,,,,,,,,,
2020-02-19T08:58:47.398+01:00,,,1380.289,1376.544,,,,,,,,,,,,,,,,,
2020-02-19T08:58:48.276+01:00,,,,,,,,,,,,,1.559,,,,,202.57,1324.01,,
2020-02-19T08:58:48.277+01:00,,,,,,,,,,,,,,,,184.61,1189.52,,,,1.581
2020-02-19T08:58:48.283+01:00,,,,,,,,,,,,,,-99.99,3.2,,,,,,
2020-02-19T08:58:49.077+01:00,,120.434,,,,,,,,,3498.066,3596.562,,,,,,,,,
2020-02-19T08:58:50.096+01:00,,,,,,,,,1527.841,,,,,,,,,,,,
2020-02-19T08:58:50.287+01:00,,,,,,,,,,,,,1.561,,,,,202.82,1323.83,,
2020-02-19T08:58:50.288+01:00,,,,,,,,,,,,,,,,184.61,1189.05,,,,1.582
2020-02-19T08:58:50.289+01:00,,,,,,,,,,,,,,-99.99,2.73,,,,,,
2020-02-19T08:58:51.063+01:00,,120.399,,,,,,,,,4094.076,3596.55,,,,,,,,,
2020-02-19T08:58:51.116+01:00,0,,,,,,4.448,10,,1559.643,,,,,,,,,,,
2020-02-19T08:58:52.000+01:00,,,,,211.456,1.587,,,,,,,,,,,,,,,
2020-02-19T08:58:52.290+01:00,,,,,,,,,,,,,1.562,,,,,202.82,1323.22,,
2020-02-19T08:58:52.293+01:00,,,,,,,,,,,,,,,,185.46,1188.49,,,,1.59
2020-02-19T08:58:52.301+01:00,,,,,,,,,,,,,,-99.99,2.17,,,,,,
2020-02-19T08:58:52.390+01:00,,,1380.289,1376.619,,,,,,,,,,,,,,,,,
2020-02-19T08:58:53.103+01:00,,120.344,,,,,,,,,4050.216,3596.742,,,,,,,,,
2020-02-19T08:58:53.333+01:00,,,,,,,,,,,,,1.562,,,,,202.82,1322.87,,
2020-02-19T08:58:53.334+01:00,,,,,,,,,,,,,,,,184.79,1188.44,,,,1.584
2020-02-19T08:58:53.336+01:00,,,,,,,,,,,,,,-99.99,2.12,,,,,,
2020-02-19T08:58:55.090+01:00,,120.441,,,,,,,1527.841,,4168.566,3596.64,,,,,,,,,
2020-02-19T08:58:55.312+01:00,,,,,,,,,,,,,1.56,,,,,202.57,1322.93,,
2020-02-19T08:58:55.313+01:00,,,,,,,,,,,,,,,,184.79,1188.64,,,,1.584
2020-02-19T08:58:55.322+01:00,,,,,,,,,,,,,,-99.99,2.32,,,,,,
2020-02-19T08:58:56.109+01:00,0,,,,,,4.449,10,,1559.528,,,,,,,,,,,
2020-02-19T08:58:56.333+01:00,,,,,,,,,,,,,1.561,,,,,202.82,1323.37,,
2020-02-19T08:58:56.334+01:00,,,,,,,,,,,,,,-99.99,2.87,185.22,1189.19,,,,1.587
2020-02-19T08:58:57.129+01:00,,120.373,,,,,,,,,3792.84,3585.042,,,,,,,,,
2020-02-19T08:58:57.332+01:00,,,,,,,,,,,,,1.561,,,185.22,1189.51,202.82,1323.68,,1.586
2020-02-19T08:58:57.336+01:00,,,,,,,,,,,,,,-99.99,3.19,,,,,,
2020-02-19T08:58:57.382+01:00,,,1380.289,1376.642,,,,,,,,,,,,,,,,,
2020-02-19T08:58:59.115+01:00,,120.407,,,,,,,,,3363.498,3588.834,,,,,,,,,
2020-02-19T08:58:59.342+01:00,,,,,,,,,,,,,1.561,,,,,202.82,1324,,
2020-02-19T08:58:59.343+01:00,,,,,,,,,,,,,,-99.99,3.49,185.22,1189.81,,,,1.586
2020-02-19T08:59:00.084+01:00,,,,,,,,,1524.592,,,,,,,,,,,,
2020-02-19T08:59:00.352+01:00,,,,,,,,,,,,,1.558,,,,,202.57,1324.44,,
2020-02-19T08:59:00.353+01:00,,,,,,,,,,,,,,-99.99,3.64,185.22,1189.96,,,,1.586
2020-02-19T08:59:01.103+01:00,0,120.467,,,,,4.44,10,,1560.842,4146.462,3586.176,,,,,,,,,
2020-02-19T08:59:02.238+01:00,,,,,,,,,,,,,1.558,-99.99,3.48,185.4,1189.8,202.57,1324.45,,1.587
2020-02-19T08:59:02.378+01:00,,,1380.289,1376.638,,,,,,,,,,,,,,,,,
2020-02-19T08:59:02.530+01:00,,,,,,,,,,,,,,,,,,,,-2.491,
2020-02-19T08:59:03.090+01:00,,120.455,,,,,,,,,3813.072,3589.062,,,,,,,,,
2020-02-19T08:59:03.248+01:00,,,,,,,,,,,,,1.563,,,185.34,1189.15,203.06,1323.99,,1.588
2020-02-19T08:59:03.253+01:00,,,,,,,,,,,,,,-99.99,2.83,,,,,,
2020-02-19T08:59:04.000+01:00,,,,,211.456,1.587,,,,,,,,,,,,,,,
2020-02-19T08:59:04.257+01:00,,,,,,,,,,,,,1.561,,,184.88,1188.81,202.82,1323.64,,1.584
2020-02-19T08:59:04.261+01:00,,,,,,,,,,,,,,-99.99,2.49,,,,,,
2020-02-19T08:59:05.077+01:00,,120.416,,,,,,,1520.531,,4423.644,3585.294,,,,,,,,,
2020-02-19T08:59:05.267+01:00,,,,,,,,,,,,,1.561,,,184.88,1188.56,202.82,1323.3,,1.585
2020-02-19T08:59:05.271+01:00,,,,,,,,,,,,,,-99.99,2.24,,,,,,
2020-02-19T08:59:06.096+01:00,0,,,,,,4.44,10,,1561.667,,,,,,,,,,,
2020-02-19T08:59:06.280+01:00,,,,,,,,,,,,,1.562,-99.99,2.12,184.88,1188.44,202.82,1323.05,,1.585
2020-02-19T08:59:07.116+01:00,,120.485,,,,,,,,,4246.662,3587.694,,,,,,,,,
2020-02-19T08:59:07.289+01:00,,,,,,,,,,,,,1.562,,,184.88,1188.48,202.82,1322.93,,1.585
2020-02-19T08:59:07.290+01:00,,,,,,,,,,,,,,-99.99,2.16,,,,,,
2020-02-19T08:59:07.369+01:00,,,1380.289,1376.645,,,,,,,,,,,,,,,,,
2020-02-19T08:59:09.102+01:00,,120.369,,,,,,,,,3905.268,3583.476,,,,,,,,,
2020-02-19T08:59:09.336+01:00,,,,,,,,,,,,,1.562,-99.99,2.37,184.88,1188.69,202.82,1322.97,,1.585
2020-02-19T08:59:10.070+01:00,,,,,,,,,1523.78,,,,,,,,,,,,
2020-02-19T08:59:10.342+01:00,,,,,,,,,,,,,1.561,,,,,202.81,1323.48,,
2020-02-19T08:59:10.343+01:00,,,,,,,,,,,,,,,,184.88,1189.3,,,,1.584
2020-02-19T08:59:10.357+01:00,,,,,,,,,,,,,,-99.99,2.98,,,,,,
2020-02-19T08:59:11.089+01:00,0,120.381,,,,,4.44,10,,1559.515,3857.226,3576.732,,,,,,,,,
2020-02-19T08:59:12.358+01:00,,,,,,,,,,,,,1.561,,,184.88,1189.56,202.81,1323.79,,1.583
2020-02-19T08:59:12.363+01:00,,,1380.289,1376.717,,,,,,,,,,,,,,,,,
2020-02-19T08:59:12.365+01:00,,,,,,,,,,,,,,-99.99,3.24,,,,,,
2020-02-19T08:59:13.128+01:00,,120.423,,,,,,,,,3987.924,3584.79,,,,,,,,,
2020-02-19T08:59:14.363+01:00,,,,,,,,,,,,,1.562,,,,,203.06,1324.19,,
2020-02-19T08:59:14.365+01:00,,,,,,,,,,,,,,,,185.34,1189.69,,,,1.587
2020-02-19T08:59:14.366+01:00,,,,,,,,,,,,,,-99.99,3.37,,,,,,
2020-02-19T08:59:15.063+01:00,,,,,,,,,1524.592,,,,,,,,,,,,
2020-02-19T08:59:15.116+01:00,,120.338,,,,,,,,,4386.582,3580.878,,,,,,,,,
2020-02-19T08:59:15.368+01:00,,,,,,,,,,,,,1.559,,,184.82,1189.38,202.56,1324.06,,1.583
2020-02-19T08:59:15.372+01:00,,,,,,,,,,,,,,-99.99,3.06,,,,,,
2020-02-19T08:59:16.084+01:00,0,,,,,,4.456,10,,1558.685,,,,,,,,,,,
2020-02-19T08:59:16.378+01:00,,,,,,,,,,,,,1.559,,,,,202.56,1323.87,,
2020-02-19T08:59:16.379+01:00,,,,,,,,,,,,,,-99.99,2.88,184.82,1189.2,,,,1.583
2020-02-19T08:59:17.103+01:00,,120.445,1380.289,1377.023,,,,,,,3027.054,3585.576,,,,,,,,,
2020-02-19T08:59:18.000+01:00,,,,,211.235,1.585,,,,,,,,,,,,,,,
2020-02-19T08:59:18.385+01:00,,,,,,,,,,,,,1.563,,,,,203.06,1323.69,,
2020-02-19T08:59:18.386+01:00,,,,,,,,,,,,,,,,184.82,1189.09,,,,1.583
2020-02-19T08:59:18.415+01:00,,,,,,,,,,,,,,-99.99,2.77,,,,,,
2020-02-19T08:59:19.089+01:00,,120.435,,,,,,,,,3053.826,3584.892,,,,,,,,,
2020-02-19T08:59:20.082+01:00,,,,,,,,,1524.592,,,,,,,,,,,,
2020-02-19T08:59:20.290+01:00,,,,,,,,,,,,,1.561,,,184.82,1189.15,202.81,1323.57,,1.583
2020-02-19T08:59:20.297+01:00,,,,,,,,,,,,,,-99.99,2.83,,,,,,
2020-02-19T08:59:21.151+01:00,0,120.36,,,,,4.457,10,,1558.9,3473.904,3580.944,,,,,,,,,
2020-02-19T08:59:22.119+01:00,,,1380.289,1377.304,,,,,,,,,,,,,,,,,
2020-02-19T08:59:22.303+01:00,,,,,,,,,,,,,1.561,,,,,202.81,1323.74,,
2020-02-19T08:59:22.304+01:00,,,,,,,,,,,,,,-99.99,3.03,184.82,1189.35,,,,1.583
2020-02-19T08:59:22.375+01:00,,,1380.289,1377.341,,,,,,,,,,,,,,,,,
2020-02-19T08:59:23.139+01:00,,120.488,,,,,,,,,4174.746,3589.818,,,,,,,,,
2020-02-19T08:59:24.316+01:00,,,,,,,,,,,,,1.561,,,,,202.81,1323.89,,
2020-02-19T08:59:24.317+01:00,,,,,,,,,,,,,,-99.99,3.08,184.82,1189.4,,,,1.583
2020-02-19T08:59:25.073+01:00,,,,,,,,,1522.156,,,,,,,,,,,,
2020-02-19T08:59:25.126+01:00,,120.394,,,,,,,,,4084.818,3579.408,,,,,,,,,
2020-02-19T08:59:25.323+01:00,,,,,,,,,,,,,1.561,-99.99,2.9,184.82,1189.22,202.81,1323.81,,1.583
2020-02-19T08:59:26.145+01:00,0,,,,,,4.464,10,,1559.419,,,,,,,,,,,
2020-02-19T08:59:26.330+01:00,,,,,,,,,,,,,1.561,,,,,202.81,1323.71,,
2020-02-19T08:59:26.332+01:00,,,,,,,,,,,,,,-99.99,2.76,184.82,1189.08,,,,1.583
2020-02-19T08:59:27.011+01:00,,,1380.289,1377.648,,,,,,,,,,,,,,,,,
2020-02-19T08:59:27.112+01:00,,120.458,,,,,,,,,3533.172,3574.836,,,,,,,,,
2020-02-19T08:59:28.336+01:00,,,,,,,,,,,,,1.561,,,184.82,1188.97,202.81,1323.57,,1.584
2020-02-19T08:59:28.349+01:00,,,,,,,,,,,,,,-99.99,2.65,,,,,,
2020-02-19T08:59:29.149+01:00,,120.407,,,,,,,,,2744.826,3588.684,,,,,,,,,
2020-02-19T08:59:30.000+01:00,,,,,211.456,1.587,,,,,,,,,,,,,,,
2020-02-19T08:59:30.067+01:00,,,,,,,,,1524.592,,,,,,,,,,,,
2020-02-19T08:59:30.346+01:00,,,,,,,,,,,,,1.563,,,,,203.06,1323.42,,
2020-02-19T08:59:30.349+01:00,,,,,,,,,,,,,,-99.99,2.68,184.82,1189,,,,1.584
2020-02-19T08:59:31.136+01:00,0,120.416,,,,,4.472,10,,1558.621,2936.106,3579.132,,,,,,,,,
2020-02-19T08:59:31.358+01:00,,,,,,,,,,,,,1.561,,,,,202.81,1323.69,,
2020-02-19T08:59:31.359+01:00,,,,,,,,,,,,,,-99.99,3.17,184.82,1189.49,,,,1.583
2020-02-19T08:59:32.001+01:00,,,1380.289,1377.947,,,,,,,,,,,,,,,,,
2020-02-19T08:59:32.103+01:00,,,1380.289,1377.954,,,,,,,,,,,,,,,,,
2020-02-19T08:59:32.363+01:00,,,,,,,,,,,,,1.561,,,184.82,1189.75,202.81,1323.98,,1.583
2020-02-19T08:59:32.369+01:00,,,,,,,,,,,,,,-99.99,3.43,,,,,,
2020-02-19T08:59:32.511+01:00,,,,,,,,,,,,,,,,,,,,-1.761,
2020-02-19T08:59:33.123+01:00,,120.448,,,,,,,,,3298.278,3581.4,,,,,,,,,
2020-02-19T08:59:34.373+01:00,,,,,,,,,,,,,1.56,,,184.97,1189.92,202.81,1324.24,,1.584
2020-02-19T08:59:34.375+01:00,,,,,,,,,,,,,,-99.99,3.6,,,,,,
2020-02-19T08:59:35.060+01:00,,,,,,,,,1528.653,,,,,,,,,,,,
2020-02-19T08:59:35.109+01:00,,120.345,,,,,,,,,3664.158,3584.382,,,,,,,,,
2020-02-19T08:59:36.130+01:00,0,,,,,,4.472,10,,1558.361,,,,,,,,,,,
2020-02-19T08:59:36.379+01:00,,,,,,,,,,,,,1.562,,,185.64,1189.88,203.06,1324.45,,1.589
2020-02-19T08:59:36.382+01:00,,,,,,,,,,,,,,-99.99,3.56,,,,,,
2020-02-19T08:59:37.096+01:00,,120.444,1380.289,1378.253,,,,,,,3594.828,3586.056,,,,,,,,,
2020-02-19T08:59:37.198+01:00,,,1380.289,1378.26,,,,,,,,,,,,,,,,,
2020-02-19T08:59:37.391+01:00,,,,,,,,,,,,,1.562,,,,,203.06,1324.19,,
2020-02-19T08:59:37.392+01:00,,,,,,,,,,,,,,-99.99,3.15,185.22,1189.47,,,,1.586
2020-02-19T08:59:39.086+01:00,,120.405,,,,,,,,,3741.558,3579.09,,,,,,,,,
2020-02-19T08:59:39.300+01:00,,,,,,,,,,,,,1.563,,,,,203.06,1323.96,,
2020-02-19T08:59:39.301+01:00,,,,,,,,,,,,,,,,185.22,1189.31,,,,1.587
2020-02-19T08:59:39.302+01:00,,,,,,,,,,,,,,-99.99,2.99,,,,,,
2020-02-19T08:59:40.053+01:00,,,,,,,,,1529.465,,,,,,,,,,,,
2020-02-19T08:59:40.327+01:00,,,,,,,,,,,,,1.563,-99.99,2.96,185.52,1189.28,203.06,1323.8,,1.589
2020-02-19T08:59:41.072+01:00,,120.399,,,,,,,,,3558.576,3587.496,,,,,,,,,
2020-02-19T08:59:41.123+01:00,0,,,,,,4.472,10,,1559.785,,,,,,,,,,,
2020-02-19T08:59:41.988+01:00,,,1380.289,1378.568,,,,,,,,,,,,,,,,,
2020-02-19T08:59:42.000+01:00,,,,,211.456,1.586,,,,,,,,,,,,,,,
2020-02-19T08:59:42.276+01:00,,,,,,,,,,,,,1.563,,,185.52,1189.51,203.06,1323.77,,1.589
2020-02-19T08:59:42.277+01:00,,,,,,,,,,,,,,-99.99,3.19,,,,,,
2020-02-19T08:59:43.109+01:00,,120.468,,,,,,,,,3406.44,3575.442,,,,,,,,,
2020-02-19T08:59:44.283+01:00,,,,,,,,,,,,,1.56,,,,,202.81,1324.34,,
2020-02-19T08:59:44.284+01:00,,,,,,,,,,,,,,,,184.91,1190.29,,,,1.583
2020-02-19T08:59:44.290+01:00,,,,,,,,,,,,,,-99.99,3.97,,,,,,
2020-02-19T08:59:45.047+01:00,,,,,,,,,1531.902,,,,,,,,,,,,
2020-02-19T08:59:45.096+01:00,,120.352,,,,,,,,,3635.43,3582.138,,,,,,,,,
2020-02-19T08:59:45.293+01:00,,,,,,,,,,,,,1.561,,,,,203.06,1325.26,,
2020-02-19T08:59:45.294+01:00,,,,,,,,,,,,,,-99.99,4.75,185.28,1191.07,,,,1.585
2020-02-19T08:59:46.118+01:00,0,,,,,,4.48,10,,1559.757,,,,,,,,,,,
2020-02-19T08:59:46.984+01:00,,,1380.289,1378.805,,,,,,,,,,,,,,,,,
2020-02-19T08:59:47.086+01:00,,120.437,,,,,,,,,4417.452,3587.34,,,,,,,,,
2020-02-19T08:59:47.304+01:00,,,,,,,,,,,,,1.561,,,185.31,1191.17,203.06,1325.56,,1.585
2020-02-19T08:59:47.306+01:00,,,,,,,,,,,,,,-99.99,4.85,,,,,,
2020-02-19T08:59:47.850+01:00,,,1380.289,1378.877,,,,,,,,,,,,,,,,,
2020-02-19T08:59:49.073+01:00,,120.435,,,,,,,,,4681.764,3575.016,,,,,,,,,
2020-02-19T08:59:49.307+01:00,,,,,,,,,,,,,1.563,,,185.31,1190.79,203.32,1325.54,,1.585
2020-02-19T08:59:49.317+01:00,,,,,,,,,,,,,,-99.99,4.47,,,,,,
2020-02-19T08:59:50.040+01:00,,,,,,,,,1531.902,,,,,,,,,,,,
2020-02-19T08:59:50.319+01:00,,,,,,,,,,,,,1.563,,,,,203.32,1324.9,,
2020-02-19T08:59:50.320+01:00,,,,,,,,,,,,,,-99.99,3.72,185.31,1190.04,,,,1.586
2020-02-19T08:59:51.113+01:00,0,120.42,,,,,4.48,10,,1560.253,4282.788,3586.638,,,,,,,,,
2020-02-19T08:59:51.327+01:00,,,,,,,,,,,,,1.564,-99.99,3.48,185.31,1189.8,203.32,1324.53,,1.587
2020-02-19T08:59:51.826+01:00,,,1380.289,1379.184,,,,,,,,,,,,,,,,,
2020-02-19T08:59:53.100+01:00,,120.39,,,,,,,,,3993.342,3575.118,,,,,,,,,
2020-02-19T08:59:53.336+01:00,,,,,,,,,,,,,1.564,,,,,203.32,1324.29,,
2020-02-19T08:59:53.339+01:00,,,,,,,,,,,,,,,,185.31,1189.81,,,,1.587
2020-02-19T08:59:53.353+01:00,,,,,,,,,,,,,,-99.99,3.49,,,,,,
2020-02-19T08:59:54.349+01:00,,,,,,,,,,,,,1.562,,,,,203.06,1324.5,,
2020-02-19T08:59:54.350+01:00,,,,,,,,,,,,,,,,185.31,1190.45,,,,1.586
2020-02-19T08:59:54.356+01:00,,,,,,,,,,,,,,-99.99,4.13,,,,,,
2020-02-19T08:59:55.089+01:00,,,,,,,,,1531.902,,,,,,,,,,,,
2020-02-19T08:59:55.140+01:00,,120.437,,,,,,,,,3662.358,3590.298,,,,,,,,,
2020-02-19T08:59:56.108+01:00,0,,,,,,4.48,10,,1561.2,,,,,,,,,,,
2020-02-19T08:59:56.358+01:00,,,,,,,,,,,,,1.561,,,,,203.06,1324.94,,
2020-02-19T08:59:56.359+01:00,,,,,,,,,,,,,,-99.99,4.55,185.31,1190.87,,,,1.585
2020-02-19T08:59:56.822+01:00,,,1380.289,1379.452,,,,,,,,,,,,,,,,,
2020-02-19T08:59:57.000+01:00,,,,,211.456,1.585,,,,,,,,,,,,,,,
2020-02-19T08:59:57.128+01:00,,120.347,,,,,,,,,3361.806,3584.334,,,,,,,,,
2020-02-19T08:59:57.688+01:00,,,1380.289,1379.5,,,,,,,,,,,,,,,,,
2020-02-19T08:59:58.253+01:00,,,,,,,,,,,,,1.561,,,,,203.06,1325.67,,
2020-02-19T08:59:58.267+01:00,,,,,,,,,,,,,,-99.99,5.07,185.31,1191.39,,,,1.585
2020-02-19T08:59:59.116+01:00,,120.433,,,,,,,,,3672.174,3573.906,,,,,,,,,
2020-02-19T08:59:59.274+01:00,,,,,,,,,,,,,1.562,-99.99,4.97,185.67,1191.29,203.32,1325.92,,1.588
2020-02-19T09:00:00.084+01:00,,,,,,,,,1531.902,,,,,,,,,,,,
2020-02-19T09:00:00.278+01:00,,,,,,,,,,,,,1.562,,,,,203.32,1325.78,,
2020-02-19T09:00:00.279+01:00,,,,,,,,,,,,,,-99.99,4.69,185.67,1191.01,,,,1.588
2020-02-19T09:00:01.103+01:00,0,120.436,,,,,4.48,10,,1561.698,4522.38,3591.672,,,,,,,,,
2020-02-19T09:00:02.289+01:00,,,,,,,,,,,,,1.563,,,185.67,1190.67,203.32,1325.5,,1.589
2020-02-19T09:00:02.290+01:00,,,,,,,,,,,,,,-99.99,4.35,,,,,,
2020-02-19T09:00:02.530+01:00,,,,,,,,,,,,,,,,,,,,-2.015,
2020-02-19T09:00:02.682+01:00,,,1380.289,1379.788,,,,,,,,,,,,,,,,,
2020-02-19T09:00:02.784+01:00,,,1380.289,1379.837,,,,,,,,,,,,,,,,,
2020-02-19T09:00:03.090+01:00,,120.347,,,,,,,,,4288.032,3568.626,,,,,,,,,
2020-02-19T09:00:03.299+01:00,,,,,,,,,,,,,1.563,,,185.67,1190.23,203.32,1324.87,,1.589
2020-02-19T09:00:03.300+01:00,,,,,,,,,,,,,,-99.99,3.91,,,,,,
2020-02-19T09:00:04.311+01:00,,,,,,,,,,,,,1.564,,,,,203.32,1324.72,,
2020-02-19T09:00:04.312+01:00,,,,,,,,,,,,,,,,185.67,1190.31,,,,1.589
2020-02-19T09:00:04.313+01:00,,,,,,,,,,,,,,-99.99,3.99,,,,,,
2020-02-19T09:00:05.079+01:00,,120.463,,,,,,,1528.653,,4571.772,3591.984,,,,,,,,,
2020-02-19T09:00:06.148+01:00,0,,,,,,4.48,10,,1562.4,,,,,,,,,,,
2020-02-19T09:00:06.333+01:00,,,,,,,,,,,,,1.562,,,,,203.06,1324.8,,
2020-02-19T09:00:06.334+01:00,,,,,,,,,,,,,,,,185.67,1190.63,,,,1.589
2020-02-19T09:00:06.335+01:00,,,,,,,,,,,,,,-99.99,4.31,,,,,,
2020-02-19T09:00:07.063+01:00,,120.295,,,,,,,,,3760.446,3586.332,,,,,,,,,
2020-02-19T09:00:07.320+01:00,,,1380.289,1380.158,,,,,,,,,,,,,,,,,
2020-02-19T09:00:07.323+01:00,,,,,,,,,,,,,1.561,,,,,203.06,1325.55,,
2020-02-19T09:00:07.326+01:00,,,,,,,,,,,,,,,,185.67,1191.57,,,,1.587
2020-02-19T09:00:07.340+01:00,,,,,,,,,,,,,,-99.99,5.25,,,,,,
2020-02-19T09:00:08.000+01:00,,,,,211.456,1.584,,,,,,,,,,,,,,,
2020-02-19T09:00:09.052+01:00,,120.291,,,,,,,,,2690.958,3577.092,,,,,,,,,
2020-02-19T09:00:09.335+01:00,,,,,,,,,,,,,1.562,,,185.67,1192.03,203.32,1326.06,,1.587
2020-02-19T09:00:09.336+01:00,,,,,,,,,,,,,,-99.99,5.71,,,,,,
2020-02-19T09:00:10.072+01:00,,,,,,,,,1527.841,,,,,,,,,,,,
2020-02-19T09:00:10.344+01:00,,,,,,,,,,,,,1.561,,,,,203.32,1326.82,,
2020-02-19T09:00:10.345+01:00,,,,,,,,,,,,,,-99.99,6.11,185.61,1192.43,,,,1.586
2020-02-19T09:00:11.040+01:00,,120.619,,,,,,,,,3124.914,3584.334,,,,,,,,,
2020-02-19T09:00:11.142+01:00,0,,,,,,4.48,10,,1562.097,,,,,,,,,,,
2020-02-19T09:00:12.313+01:00,,,1380.289,1380.149,,,,,,,,,,,,,,,,,
2020-02-19T09:00:12.356+01:00,,,,,,,,,,,,,1.563,,,185.61,1192.33,203.57,1326.92,,1.586
2020-02-19T09:00:12.357+01:00,,,,,,,,,,,,,,-99.99,6.01,,,,,,
2020-02-19T09:00:13.027+01:00,,120.493,,,,,,,,,4017.558,3588.9,,,,,,,,,
2020-02-19T09:00:13.379+01:00,,,,,,,,,,,,,1.561,,,,,203.32,1326.55,,
2020-02-19T09:00:13.380+01:00,,,,,,,,,,,,,,-99.99,5.38,185.61,1191.7,,,,1.587
2020-02-19T09:00:15.014+01:00,,120.424,,,,,,,,,4905.708,3572.916,,,,,,,,,
2020-02-19T09:00:15.063+01:00,,,,,,,,,1527.841,,,,,,,,,,,,
2020-02-19T09:00:15.304+01:00,,,,,,,,,,,,,1.562,,,185.61,1191.35,203.32,1326.19,,1.587
2020-02-19T09:00:15.306+01:00,,,,,,,,,,,,,,-99.99,5.03,,,,,,
2020-02-19T09:00:16.135+01:00,0,,,,,,4.484,10,,1561.915,,,,,,,,,,,
2020-02-19T09:00:16.317+01:00,,,,,,,,,,,,,1.563,,,185.61,1190.8,203.32,1325.46,,1.588
2020-02-19T09:00:16.319+01:00,,,,,,,,,,,,,,-99.99,4.48,,,,,,
2020-02-19T09:00:17.001+01:00,,120.34,,,,,,,,,4381.812,3575.67,,,,,,,,,
2020-02-19T09:00:17.307+01:00,,,1380.289,1380.188,,,,,,,,,,,,,,,,,
2020-02-19T09:00:17.327+01:00,,,,,,,,,,,,,1.563,,,185.61,1190.87,203.32,1325.29,,1.588
2020-02-19T09:00:17.330+01:00,,,,,,,,,,,,,,-99.99,4.55,,,,,,
2020-02-19T09:00:18.330+01:00,,,,,,,,,,,,,1.563,,,,,203.32,1325.36,,
2020-02-19T09:00:18.332+01:00,,,,,,,,,,,,,,-99.99,4.84,185.61,1191.16,,,,1.587
2020-02-19T09:00:18.988+01:00,,120.4,,,,,,,,,3740.106,3595.8,,,,,,,,,
2020-02-19T09:00:20.000+01:00,,,,,211.677,1.585,,,,,,,,,,,,,,,
2020-02-19T09:00:20.060+01:00,,,,,,,,,1531.902,,,,,,,,,,,,
2020-02-19T09:00:20.340+01:00,,,,,,,,,,,,,1.563,,,185.61,1191.61,203.32,1325.65,,1.587
2020-02-19T09:00:20.345+01:00,,,,,,,,,,,,,,-99.99,5.29,,,,,,
2020-02-19T09:00:20.978+01:00,,120.493,,,,,,,,,2647.842,3582.288,,,,,,,,,
2020-02-19T09:00:21.131+01:00,0,,,,,,4.496,10,,1561.442,,,,,,,,,,,
2020-02-19T09:00:22.352+01:00,,,,,,,,,,,,,1.561,,,185.61,1192.66,203.32,1326.64,,1.585
2020-02-19T09:00:22.353+01:00,,,,,,,,,,,,,,-99.99,6.34,,,,,,
2020-02-19T09:00:22.378+01:00,,,1380.289,1380.179,,,,,,,,,,,,,,,,,
2020-02-19T09:00:22.988+01:00,,120.476,,,,,,,,,2861.136,3580.17,,,,,,,,,
2020-02-19T09:00:23.359+01:00,,,,,,,,,,,,,1.562,,,186.01,1193.4,203.57,1327.6,,1.588
2020-02-19T09:00:23.367+01:00,,,,,,,,,,,,,,-99.99,7.08,,,,,,
2020-02-19T09:00:24.396+01:00,,,,,,,,,,,,,1.562,-99.99,7.15,186.01,1193.47,203.57,1327.89,,1.588
2020-02-19T09:00:24.975+01:00,,120.442,,,,,,,,,3630.072,3581.256,,,,,,,,,
2020-02-19T09:00:25.077+01:00,,,,,,,,,1531.902,,,,,,,,,,,,
2020-02-19T09:00:26.148+01:00,0,,,,,,4.491,10,,1562.4,,,,,,,,,,,
2020-02-19T09:00:26.405+01:00,,,,,,,,,,,,,1.562,,,185.82,1193.3,203.57,1327.96,,1.586
2020-02-19T09:00:26.408+01:00,,,,,,,,,,,,,,-99.99,6.98,,,,,,
2020-02-19T09:00:26.961+01:00,,120.414,,,,,,,,,4080.09,3578.832,,,,,,,,,
2020-02-19T09:00:27.369+01:00,,,1380.289,1380.181,,,,,,,,,,,,,,,,,
2020-02-19T09:00:28.415+01:00,,,,,,,,,,,,,1.562,,,,,203.57,1327.44,,
2020-02-19T09:00:28.418+01:00,,,,,,,,,,,,,,-99.99,6.19,185.7,1192.51,,,,1.586
2020-02-19T09:00:28.948+01:00,,120.392,,,,,,,,,4055.856,3587.694,,,,,,,,,
2020-02-19T09:00:30.069+01:00,,,,,,,,,1531.902,,,,,,,,,,,,
2020-02-19T09:00:30.323+01:00,,,,,,,,,,,,,1.563,-99.99,5.38,185.79,1191.7,203.57,1326.54,,1.588
2020-02-19T09:00:30.935+01:00,,120.49,,,,,,,,,3664.572,3580.05,,,,,,,,,
2020-02-19T09:00:31.139+01:00,0,,,,,,4.492,10,,1562.4,,,,,,,,,,,
2020-02-19T09:00:32.333+01:00,,,,,,,,,,,,,1.562,,,,,203.32,1326.14,,
2020-02-19T09:00:32.334+01:00,,,,,,,,,,,,,,-99.99,5.53,185.79,1191.85,,,,1.588
2020-02-19T09:00:32.362+01:00,,,1380.289,1380.216,,,,,,,,,,,,,,,,,
2020-02-19T09:00:32.515+01:00,,,,,,,,,,,,,,,,,,,,-1.557,
2020-02-19T09:00:32.922+01:00,,120.379,,,,,,,,,3367.914,3582.216,,,,,,,,,
2020-02-19T09:00:34.000+01:00,,,,,211.677,1.584,,,,,,,,,,,,,,,
2020-02-19T09:00:34.345+01:00,,,,,,,,,,,,,1.561,,,,,203.32,1326.75,,
2020-02-19T09:00:34.346+01:00,,,,,,,,,,,,,,-99.99,6.32,185.79,1192.64,,,,1.587
2020-02-19T09:00:34.909+01:00,,120.329,,,,,,,,,3330.822,3581.994,,,,,,,,,
2020-02-19T09:00:35.063+01:00,,,,,,,,,1531.902,,,,,,,,,,,,
2020-02-19T09:00:36.132+01:00,0,,,,,,4.502,10,,1562.923,,,,,,,,,,,
2020-02-19T09:00:36.363+01:00,,,,,,,,,,,,,1.562,,,,,203.57,1327.49,,
2020-02-19T09:00:36.365+01:00,,,,,,,,,,,,,,,,185.79,1193.27,,,,1.586
2020-02-19T09:00:36.366+01:00,,,,,,,,,,,,,,-99.99,6.95,,,,,,
2020-02-19T09:00:36.898+01:00,,120.493,,,,,,,,,3724.386,3586.638,,,,,,,,,
2020-02-19T09:00:37.357+01:00,,,1380.289,1380.232,,,,,,,,,,,,,,,,,
2020-02-19T09:00:37.358+01:00,,,,,,,,,,,,,1.56,,,,,203.32,1327.91,,
2020-02-19T09:00:37.359+01:00,,,,,,,,,,,,,,,,185.89,1193.45,,,,1.587
2020-02-19T09:00:37.373+01:00,,,,,,,,,,,,,,-99.99,7.13,,,,,,
2020-02-19T09:00:38.886+01:00,,120.392,,,,,,,,,3535.5,3584.538,,,,,,,,,
2020-02-19T09:00:39.369+01:00,,,,,,,,,,,,,1.56,,,,,203.32,1327.94,,
2020-02-19T09:00:39.372+01:00,,,,,,,,,,,,,,,,185.89,1193.34,,,,1.587
2020-02-19T09:00:39.373+01:00,,,,,,,,,,,,,,-99.99,7.02,,,,,,
2020-02-19T09:00:40.059+01:00,,,,,,,,,1531.902,,,,,,,,,,,,
2020-02-19T09:00:40.381+01:00,,,,,,,,,,,,,1.562,,,,,203.57,1327.59,,
2020-02-19T09:00:40.382+01:00,,,,,,,,,,,,,,-99.99,6.42,185.89,1192.74,,,,1.588
2020-02-19T09:00:40.875+01:00,,120.439,,,,,,,,,3781.152,3581.256,,,,,,,,,
2020-02-19T09:00:41.130+01:00,0,,,,,,4.52,10,,1563.6,,,,,,,,,,,
2020-02-19T09:00:42.350+01:00,,,1380.289,1380.253,,,,,,,,,,,,,,,,,
2020-02-19T09:00:42.386+01:00,,,,,,,,,,,,,1.563,,,185.89,1192.44,203.57,1327.23,,1.588
2020-02-19T09:00:42.388+01:00,,,,,,,,,,,,,,-99.99,6.12,,,,,,
2020-02-19T09:00:42.859+01:00,,120.476,,,,,,,,,3105.45,3575.382,,,,,,,,,
2020-02-19T09:00:43.392+01:00,,,,,,,,,,,,,1.565,,,,,203.31,1323.72,,
2020-02-19T09:00:43.395+01:00,,,,,,,,,,,,,,-99.99,5.95,185.79,1192.27,,,,1.588
2020-02-19T09:00:44.849+01:00,,120.39,,,,,,,,,3345.012,3593.004,,,,,,,,,
2020-02-19T09:00:45.052+01:00,,,,,,,,,1531.902,,,,,,,,,,,,
2020-02-19T09:00:45.414+01:00,,,,,,,,,,,,,1.567,,,,,203.56,1323.72,,
2020-02-19T09:00:45.415+01:00,,,,,,,,,,,,,,,,185.79,1192.41,,,,1.587
2020-02-19T09:00:45.419+01:00,,,,,,,,,,,,,,-99.99,6.09,,,,,,
2020-02-19T09:00:46.000+01:00,,,,,211.899,1.586,,,,,,,,,,,,,,,
2020-02-19T09:00:46.123+01:00,0,,,,,,4.513,10,,1563.208,,,,,,,,,,,
2020-02-19T09:00:46.414+01:00,,,,,,,,,,,,,1.566,,,,,203.56,1324.07,,
2020-02-19T09:00:46.415+01:00,,,,,,,,,,,,,,-99.99,6.49,185.79,1192.81,,,,1.587
2020-02-19T09:00:46.836+01:00,,120.396,,,,,,,,,4037.694,3579.534,,,,,,,,,
2020-02-19T09:00:47.346+01:00,,,1380.289,1380.289,,,,,,,,,,,,,,,,,
2020-02-19T09:00:48.332+01:00,,,,,,,,,,,,,1.564,,,,,203.31,1324.26,,
2020-02-19T09:00:48.333+01:00,,,,,,,,,,,,,,-99.99,6.63,185.79,1192.95,,,,1.587
2020-02-19T09:00:48.823+01:00,,120.424,,,,,,,,,3236.976,3579.408,,,,,,,,,
2020-02-19T09:00:49.344+01:00,,,,,,,,,,,,,1.564,,,,,203.31,1324.49,,
2020-02-19T09:00:49.345+01:00,,,,,,,,,,,,,,,,185.79,1193.09,,,,1.586
2020-02-19T09:00:49.350+01:00,,,,,,,,,,,,,,-99.99,6.77,,,,,,
2020-02-19T09:00:50.047+01:00,,,,,,,,,1531.902,,,,,,,,,,,,
2020-02-19T09:00:50.359+01:00,,,,,,,,,,,,,1.566,,,185.79,1193.12,203.56,1324.54,,1.586
2020-02-19T09:00:50.373+01:00,,,,,,,,,,,,,,-99.99,6.8,,,,,,
2020-02-19T09:00:50.813+01:00,,120.409,,,,,,,,,2720.484,3580.518,,,,,,,,,
2020-02-19T09:00:51.118+01:00,0,,,,,,4.508,10,,1562.004,,,,,,,,,,,
2020-02-19T09:00:52.342+01:00,,,1380.289,1380.276,,,,,,,,,,,,,,,,,
2020-02-19T09:00:52.369+01:00,,,,,,,,,,,,,1.566,,,185.79,1193.11,203.56,1324.57,,1.586
2020-02-19T09:00:52.373+01:00,,,,,,,,,,,,,,-99.99,6.79,,,,,,
2020-02-19T09:00:52.800+01:00,,120.394,,,,,,,,,2958.168,3589.644,,,,,,,,,
2020-02-19T09:00:53.379+01:00,,,,,,,,,,,,,1.566,,,,,203.56,1324.5,,
2020-02-19T09:00:53.380+01:00,,,,,,,,,,,,,,,,185.79,1192.94,,,,1.587
2020-02-19T09:00:53.382+01:00,,,,,,,,,,,,,,-99.99,6.62,,,,,,
2020-02-19T09:00:54.389+01:00,,,,,,,,,,,,,1.566,,,,,203.56,1324.39,,
2020-02-19T09:00:54.390+01:00,,,,,,,,,,,,,,-99.99,6.53,185.79,1192.85,,,,1.587
2020-02-19T09:00:54.784+01:00,,120.489,,,,,,,,,4312.152,3578.418,,,,,,,,,
2020-02-19T09:00:55.040+01:00,,,,,,,,,1531.902,,,,,,,,,,,,
2020-02-19T09:00:55.401+01:00,,,,,,,,,,,,,1.566,,,,,203.56,1324.3,,
2020-02-19T09:00:55.402+01:00,,,,,,,,,,,,,,,,185.79,1192.79,,,,1.587
2020-02-19T09:00:55.403+01:00,,,,,,,,,,,,,,-99.99,6.47,,,,,,
2020-02-19T09:00:56.109+01:00,0,,,,,,4.512,10,,1561.2,,,,,,,,,,,
2020-02-19T09:00:56.409+01:00,,,,,,,,,,,,,1.566,,,185.79,1192.76,203.56,1324.24,,1.587
2020-02-19T09:00:56.411+01:00,,,,,,,,,,,,,,-99.99,6.44,,,,,,
2020-02-19T09:00:56.773+01:00,,120.486,,,,,,,,,4669.89,3585.576,,,,,,,,,
2020-02-19T09:00:57.079+01:00,,,1380.29,1380.276,,,,,,,,,,,,,,,,,
2020-02-19T09:00:58.000+01:00,,,,,211.899,1.586,,,,,,,,,,,,,,,
2020-02-19T09:00:58.419+01:00,,,,,,,,,,,,,1.566,,,185.79,1192.74,203.56,1324.21,,1.587
2020-02-19T09:00:58.421+01:00,,,,,,,,,,,,,,-99.99,6.42,,,,,,
2020-02-19T09:00:58.761+01:00,,120.34,,,,,,,,,4567.818,3579.156,,,,,,,,,
2020-02-19T09:01:00.036+01:00,,,,,,,,,1531.902,,,,,,,,,,,,
2020-02-19T09:01:00.317+01:00,,,,,,,,,,,,,1.566,,,,,203.56,1324.15,,
2020-02-19T09:01:00.323+01:00,,,,,,,,,,,,,,,,185.79,1192.67,,,,1.587
2020-02-19T09:01:00.327+01:00,,,,,,,,,,,,,,-99.99,6.35,,,,,,
2020-02-19T09:01:00.748+01:00,,120.423,,,,,,,,,3438.312,3578.466,,,,,,,,,
2020-02-19T09:01:01.103+01:00,0,,,,,,4.508,10,,1561.587,,,,,,,,,,,
2020-02-19T09:01:02.123+01:00,,,1380.364,1380.364,,,,,,,,,,,,,,,,,
2020-02-19T09:01:02.344+01:00,,,,,,,,,,,,,1.566,,,,,203.56,1324.16,,
2020-02-19T09:01:02.345+01:00,,,,,,,,,,,,,,-99.99,6.55,185.79,1192.87,,,,1.587
2020-02-19T09:01:02.530+01:00,,,,,,,,,,,,,,,,,,,,-2.174,
2020-02-19T09:01:02.734+01:00,,120.399,,,,,,,,,3124.452,3590.022,,,,,,,,,
2020-02-19T09:01:04.425+01:00,,,,,,,,,,,,,1.564,,,,,203.31,1324.53,,
2020-02-19T09:01:04.426+01:00,,,,,,,,,,,,,,-99.99,6.97,185.92,1193.29,,,,1.587
2020-02-19T09:01:04.721+01:00,,120.377,,,,,,,,,2920.902,3577.164,,,,,,,,,
2020-02-19T09:01:05.079+01:00,,,,,,,,,1531.902,,,,,,,,,,,,
2020-02-19T09:01:06.149+01:00,0,,,,,,4.52,10,,1561.2,,,,,,,,,,,
2020-02-19T09:01:06.326+01:00,,,,,,,,,,,,,1.565,,,,,203.56,1324.92,,
2020-02-19T09:01:06.327+01:00,,,,,,,,,,,,,,,,185.92,1193.57,,,,1.587
2020-02-19T09:01:06.332+01:00,,,,,,,,,,,,,,-99.99,7.25,,,,,,
2020-02-19T09:01:06.711+01:00,,120.493,,,,,,,,,3298.74,3586.98,,,,,,,,,
2020-02-19T09:01:07.118+01:00,,,1380.364,1380.331,,,,,,,,,,,,,,,,,
2020-02-19T09:01:07.350+01:00,,,,,,,,,,,,,1.565,,,185.92,1193.43,203.56,1325.01,,1.587
2020-02-19T09:01:07.352+01:00,,,,,,,,,,,,,,-99.99,7.11,,,,,,
2020-02-19T09:01:08.359+01:00,,,,,,,,,,,,,1.565,,,185.92,1193.25,203.56,1324.88,,1.587
2020-02-19T09:01:08.363+01:00,,,,,,,,,,,,,,-99.99,6.93,,,,,,
2020-02-19T09:01:08.698+01:00,,120.493,,,,,,,,,3954.06,3579.36,,,,,,,,,
2020-02-19T09:01:09.372+01:00,,,,,,,,,,,,,1.564,,,,,203.31,1324.7,,
2020-02-19T09:01:09.373+01:00,,,,,,,,,,,,,,-99.99,6.62,185.82,1192.94,,,,1.587
2020-02-19T09:01:10.000+01:00,,,,,211.677,1.584,,,,,,,,,,,,,,,
2020-02-19T09:01:10.073+01:00,,,,,,,,,1528.653,,,,,,,,,,,,
2020-02-19T09:01:10.381+01:00,,,,,,,,,,,,,1.564,,,,,203.31,1324.39,,
2020-02-19T09:01:10.382+01:00,,,,,,,,,,,,,,-99.99,6.36,185.82,1192.68,,,,1.587
2020-02-19T09:01:10.686+01:00,,120.409,,,,,,,,,4384.548,3588.792,,,,,,,,,
2020-02-19T09:01:11.145+01:00,0,,,,,,4.516,10,,1561.958,,,,,,,,,,,
2020-02-19T09:01:11.396+01:00,,,,,,,,,,,,,1.564,-99.99,6.1,185.82,1192.42,203.31,1324.13,,1.588
2020-02-19T09:01:12.165+01:00,,,1380.364,1380.352,,,,,,,,,,,,,,,,,
2020-02-19T09:01:12.675+01:00,,120.409,,,,,,,,,4226.664,3584.046,,,,,,,,,
2020-02-19T09:01:13.405+01:00,,,,,,,,,,,,,1.568,-99.99,6,185.82,1192.32,203.81,1323.87,,1.588
2020-02-19T09:01:14.663+01:00,,120.329,,,,,,,,,4117.2,3578.25,,,,,,,,,
2020-02-19T09:01:15.070+01:00,,,,,,,,,1527.841,,,,,,,,,,,,
2020-02-19T09:01:15.307+01:00,,,,,,,,,,,,,1.568,,,185.82,1192.64,203.81,1323.86,,1.587
2020-02-19T09:01:15.312+01:00,,,,,,,,,,,,,,-99.99,6.32,,,,,,
2020-02-19T09:01:16.140+01:00,0,,,,,,4.52,10,,1563.626,,,,,,,,,,,
2020-02-19T09:01:16.649+01:00,,120.329,,,,,,,,,3561.516,3579.222,,,,,,,,,
2020-02-19T09:01:17.158+01:00,,,1380.404,1380.389,,,,,,,,,,,,,,,,,
2020-02-19T09:01:17.359+01:00,,,,,,,,,,,,,1.564,,,,,203.31,1324.42,,
2020-02-19T09:01:17.363+01:00,,,,,,,,,,,,,,,,185.67,1193.35,,,,1.585
2020-02-19T09:01:17.366+01:00,,,,,,,,,,,,,,-99.99,7.03,,,,,,
2020-02-19T09:01:18.366+01:00,,,,,,,,,,,,,1.565,,,,,203.56,1325.11,,
2020-02-19T09:01:18.367+01:00,,,,,,,,,,,,,,-99.99,7.54,185.67,1193.86,,,,1.584
2020-02-19T09:01:18.636+01:00,,120.472,,,,,,,,,3466.53,3582.138,,,,,,,,,
2020-02-19T09:01:20.063+01:00,,,,,,,,,1527.841,,,,,,,,,,,,
2020-02-19T09:01:20.373+01:00,,,,,,,,,,,,,1.565,,,,,203.56,1325.31,,
2020-02-19T09:01:20.375+01:00,,,,,,,,,,,,,,-99.99,7.64,185.67,1193.96,,,,1.584
2020-02-19T09:01:20.625+01:00,,120.435,,,,,,,,,4063.182,3590.22,,,,,,,,,
2020-02-19T09:01:21.135+01:00,0,,,,,,4.52,10,,1565.432,,,,,,,,,,,
2020-02-19T09:01:22.000+01:00,,,,,211.899,1.586,,,,,,,,,,,,,,,
2020-02-19T09:01:22.154+01:00,,,1380.404,1380.376,,,,,,,,,,,,,,,,,
2020-02-19T09:01:22.381+01:00,,,,,,,,,,,,,1.565,,,,,203.56,1325.31,,
2020-02-19T09:01:22.382+01:00,,,,,,,,,,,,,,,,186.1,1193.61,,,,1.588
2020-02-19T09:01:22.388+01:00,,,,,,,,,,,,,,-99.99,7.29,,,,,,
2020-02-19T09:01:22.613+01:00,,120.493,,,,,,,,,4107.612,3582.564,,,,,,,,,
2020-02-19T09:01:23.405+01:00,,,,,,,,,,,,,1.567,,,186.1,1192.82,203.81,1324.69,,1.589
2020-02-19T09:01:23.413+01:00,,,,,,,,,,,,,,-99.99,6.5,,,,,,
2020-02-19T09:01:24.626+01:00,,120.41,,,,,,,,,4202.226,3576.294,,,,,,,,,
2020-02-19T09:01:25.085+01:00,,,,,,,,,1528.653,,,,,,,,,,,,
2020-02-19T09:01:25.415+01:00,,,,,,,,,,,,,1.568,,,186.1,1192.55,203.81,1324.27,,1.59
2020-02-19T09:01:25.418+01:00,,,,,,,,,,,,,,-99.99,6.23,,,,,,
2020-02-19T09:01:26.155+01:00,0,,,,,,4.52,10,,1566.038,,,,,,,,,,,
2020-02-19T09:01:26.613+01:00,,120.341,,,,,,,,,3630.99,3588.636,,,,,,,,,
2020-02-19T09:01:27.174+01:00,,,1380.449,1380.443,,,,,,,,,,,,,,,,,
2020-02-19T09:01:27.301+01:00,,,,,,,,,,,,,1.566,,,,,203.56,1323.84,,
2020-02-19T09:01:27.310+01:00,,,,,,,,,,,,,,,,186.1,1192.39,,,,1.59
2020-02-19T09:01:27.311+01:00,,,,,,,,,,,,,,-99.99,6.07,,,,,,
2020-02-19T09:01:27.888+01:00,,,1380.464,1380.464,,,,,,,,,,,,,,,,,
2020-02-19T09:01:28.317+01:00,,,,,,,,,,,,,1.568,-99.99,6.43,186.1,1192.75,203.81,1323.98,,1.59
2020-02-19T09:01:28.600+01:00,,120.329,,,,,,,,,3288.39,3579.21,,,,,,,,,
2020-02-19T09:01:29.322+01:00,,,,,,,,,,,,,1.568,,,186.1,1193,203.81,1324.2,,1.589
2020-02-19T09:01:29.326+01:00,,,,,,,,,,,,,,-99.99,6.68,,,,,,
2020-02-19T09:01:30.079+01:00,,,,,,,,,1529.465,,,,,,,,,,,,
2020-02-19T09:01:30.330+01:00,,,,,,,,,,,,,1.566,,,,,203.56,1324.45,,
2020-02-19T09:01:30.332+01:00,,,,,,,,,,,,,,,,186.1,1193.29,,,,1.589
2020-02-19T09:01:30.346+01:00,,,,,,,,,,,,,,-99.99,6.97,,,,,,
2020-02-19T09:01:30.589+01:00,,120.387,,,,,,,,,3041.364,3583.242,,,,,,,,,
2020-02-19T09:01:31.149+01:00,0,,,,,,4.52,10,,1567.39,,,,,,,,,,,
2020-02-19T09:01:32.346+01:00,,,,,,,,,,,,,1.565,-99.99,7.21,186.1,1193.53,203.56,1324.74,,1.588
2020-02-19T09:01:32.524+01:00,,,,,,,,,,,,,,,,,,,,-1.964,
2020-02-19T09:01:32.576+01:00,,120.493,,,,,,,,,3700.44,3577.134,,,,,,,,,
2020-02-19T09:01:32.882+01:00,,,1380.474,1380.416,,,,,,,,,,,,,,,,,
2020-02-19T09:01:34.000+01:00,,,,,212.121,1.587,,,,,,,,,,,,,,,
2020-02-19T09:01:34.353+01:00,,,,,,,,,,,,,1.565,,,185.64,1193.65,203.56,1325.12,,1.584
2020-02-19T09:01:34.368+01:00,,,,,,,,,,,,,,-99.99,7.33,,,,,,
2020-02-19T09:01:34.563+01:00,,120.458,,,,,,,,,4045.506,3584.382,,,,,,,,,
2020-02-19T09:01:35.073+01:00,,,,,,,,,1531.902,,,,,,,,,,,,
2020-02-19T09:01:35.363+01:00,,,,,,,,,,,,,1.565,,,185.64,1193.23,203.56,1324.93,,1.585
2020-02-19T09:01:35.367+01:00,,,,,,,,,,,,,,-99.99,6.91,,,,,,
2020-02-19T09:01:36.142+01:00,0,,,,,,4.52,10,,1567.226,,,,,,,,,,,
2020-02-19T09:01:36.551+01:00,,120.446,,,,,,,,,4371.936,3588.048,,,,,,,,,
2020-02-19T09:01:37.373+01:00,,,,,,,,,,,,,1.565,,,186.13,1193.01,203.56,1324.68,,1.589
2020-02-19T09:01:37.382+01:00,,,,,,,,,,,,,,-99.99,6.69,,,,,,
2020-02-19T09:01:37.876+01:00,,,1380.476,1380.466,,,,,,,,,,,,,,,,,
2020-02-19T09:01:38.382+01:00,,,,,,,,,,,,,1.568,,,186.13,1192.79,203.81,1324.31,,1.59
2020-02-19T09:01:38.386+01:00,,,,,,,,,,,,,,-99.99,6.47,,,,,,
2020-02-19T09:01:38.538+01:00,,120.378,,,,,,,,,3957.414,3586.224,,,,,,,,,
2020-02-19T09:01:40.067+01:00,,,,,,,,,1531.902,,,,,,,,,,,,
2020-02-19T09:01:40.399+01:00,,,,,,,,,,,,,1.568,,,185.55,1192.8,203.81,1324.24,,1.585
2020-02-19T09:01:40.403+01:00,,,,,,,,,,,,,,-99.99,6.48,,,,,,
2020-02-19T09:01:40.527+01:00,,120.329,,,,,,,,,3407.7,3581.076,,,,,,,,,
2020-02-19T09:01:41.138+01:00,0,,,,,,4.52,10,,1565.847,,,,,,,,,,,
2020-02-19T09:01:42.409+01:00,,,,,,,,,,,,,1.566,-99.99,6.79,186.04,1193.11,203.56,1324.35,,1.589
2020-02-19T09:01:42.566+01:00,,120.403,,,,,,,,,2868.066,3579.258,,,,,,,,,
2020-02-19T09:01:42.872+01:00,,,1380.562,1380.52,,,,,,,,,,,,,,,,,
2020-02-19T09:01:44.309+01:00,,,,,,,,,,,,,1.567,,,,,203.81,1324.86,,
2020-02-19T09:01:44.310+01:00,,,,,,,,,,,,,,-99.99,7.41,185.52,1193.73,,,,1.583
2020-02-19T09:01:44.553+01:00,,120.493,,,,,,,,,2797.194,3584.208,,,,,,,,,
2020-02-19T09:01:45.063+01:00,,,,,,,,,1533.536,,,,,,,,,,,,
2020-02-19T09:01:45.329+01:00,,,,,,,,,,,,,1.565,,,,,203.56,1325.4,,
2020-02-19T09:01:45.330+01:00,,,,,,,,,,,,,,,,185.79,1193.99,,,,1.585
2020-02-19T09:01:45.350+01:00,,,,,,,,,,,,,,-99.99,7.67,,,,,,
2020-02-19T09:01:46.000+01:00,,,,,212.121,1.587,,,,,,,,,,,,,,,
2020-02-19T09:01:46.132+01:00,0,,,,,,4.52,10,,1565.04,,,,,,,,,,,
2020-02-19T09:01:46.540+01:00,,120.459,,,,,,,,,3206.892,3581.76,,,,,,,,,
2020-02-19T09:01:47.345+01:00,,,,,,,,,,,,,1.565,,,185.82,1193.8,203.56,1325.43,,1.586
2020-02-19T09:01:47.346+01:00,,,,,,,,,,,,,,-99.99,7.48,,,,,,
2020-02-19T09:01:47.867+01:00,,,1380.562,1380.454,,,,,,,,,,,,,,,,,
2020-02-19T09:01:48.530+01:00,,120.413,,,,,,,,,5117.976,3572.286,,,,,,,,,
2020-02-19T09:01:49.356+01:00,,,,,,,,,,,,,1.565,,,,,203.56,1324.88,,
2020-02-19T09:01:49.357+01:00,,,,,,,,,,,,,,,,185.82,1193.01,,,,1.587
2020-02-19T09:01:49.358+01:00,,,,,,,,,,,,,,-99.99,6.69,,,,,,
2020-02-19T09:01:50.057+01:00,,,,,,,,,1535.16,,,,,,,,,,,,
2020-02-19T09:01:50.369+01:00,,,,,,,,,,,,,1.566,-99.99,6.08,185.79,1192.4,203.56,1324.02,,1.587
2020-02-19T09:01:50.517+01:00,,120.412,,,,,,,,,4985.268,3584.79,,,,,,,,,
2020-02-19T09:01:51.128+01:00,0,,,,,,4.52,10,,1563.294,,,,,,,,,,,
2020-02-19T09:01:52.380+01:00,,,,,,,,,,,,,1.566,,,185.79,1192.39,203.56,1323.84,,1.587
2020-02-19T09:01:52.381+01:00,,,,,,,,,,,,,,-99.99,6.07,,,,,,
2020-02-19T09:01:52.505+01:00,,120.408,,,,,,,,,4420.356,3578.52,,,,,,,,,
2020-02-19T09:01:52.862+01:00,,,1380.563,1380.564,,,,,,,,,,,,,,,,,
2020-02-19T09:01:53.390+01:00,,,,,,,,,,,,,1.566,,,,,203.56,1324,,
2020-02-19T09:01:53.391+01:00,,,,,,,,,,,,,,-99.99,6.59,185.79,1192.91,,,,1.587
2020-02-19T09:01:54.404+01:00,,,,,,,,,,,,,1.566,,,,,203.56,1324.35,,
2020-02-19T09:01:54.405+01:00,,,,,,,,,,,,,,,,185.79,1193.37,,,,1.586
2020-02-19T09:01:54.409+01:00,,,,,,,,,,,,,,-99.99,7.05,,,,,,
2020-02-19T09:01:54.493+01:00,,120.35,,,,,,,,,4247.904,3588.078,,,,,,,,,
2020-02-19T09:01:55.054+01:00,,,,,,,,,1535.972,,,,,,,,,,,,
2020-02-19T09:01:55.411+01:00,,,,,,,,,,,,,1.565,,,,,203.56,1324.81,,
2020-02-19T09:01:55.412+01:00,,,,,,,,,,,,,,,,185.79,1193.88,,,,1.585
2020-02-19T09:01:55.415+01:00,,,,,,,,,,,,,,-99.99,7.56,,,,,,
2020-02-19T09:01:56.125+01:00,0,,,,,,4.52,10,,1562.911,,,,,,,,,,,
2020-02-19T09:01:56.482+01:00,,120.484,,,,,,,,,2610.234,3586.2,,,,,,,,,
2020-02-19T09:01:57.310+01:00,,,,,,,,,,,,,1.565,,,,,203.56,1325.32,,
2020-02-19T09:01:57.320+01:00,,,,,,,,,,,,,,-99.99,7.94,185.79,1194.26,,,,1.585
2020-02-19T09:01:57.858+01:00,,,1380.573,1380.512,,,,,,,,,,,,,,,,,
2020-02-19T09:01:58.000+01:00,,,,,211.899,1.586,,,,,,,,,,,,,,,
2020-02-19T09:01:58.326+01:00,,,,,,,,,,,,,1.564,,,,,203.56,1325.89,,
2020-02-19T09:01:58.327+01:00,,,,,,,,,,,,,,-99.99,8.06,186.01,1194.38,,,,1.587
2020-02-19T09:01:58.470+01:00,,120.377,,,,,,,,,2908.398,3578.07,,,,,,,,,
2020-02-19T09:01:59.343+01:00,,,,,,,,,,,,,1.566,,,186.31,1194.05,203.81,1325.82,,1.59
2020-02-19T09:01:59.346+01:00,,,,,,,,,,,,,,-99.99,7.73,,,,,,
2020-02-19T09:02:00.050+01:00,,,,,,,,,1535.16,,,,,,,,,,,,
